id;name
dad4d6d9-02df-4841-95b6-4e38e756322d;meager if as
00ec9bea-975a-4e4c-afac-d573548fefe0;insignificant
60703d84-09ec-4a76-9676-301466eb0132;bind tricky forenenst
ff8a7498-52a3-4bc1-960b-0dc802367e69;reward
3c0aa329-69d6-4697-81e7-db976c5ce514;back seldom
b0a8aff7-770c-4eea-b115-41297115c220;ruddy tough blend
739a14a3-3037-488f-993e-6d928eacb566;volunteer nautical
1ff68e9d-e417-4c2e-92ae-2dd33e2133fb;bookcase for
33657504-bb41-47c3-8e5d-1845e89a8e8c;pish um
1e41a87f-c0b9-4a5d-8d5c-2df56125576c;usually
