id;title;description;seo_published
9ed4f970-14a5-4600-ae57-dfb842c430c7;outside brightly supposing;incandescence yet;true
d764aade-4506-4efb-9b91-1e205230aea0;brr amount;uh-huh below;false
90ebb8ce-47ec-4e7a-bf4d-a2c0f687f54d;ice-cream;pluck key stage;true
30cf8f7b-a3b6-4475-b122-45a02be7e9e1;tomorrow;mysteriously rarely instead;true
c8c0a41f-9804-42b0-9bb8-90af68588480;independence;consequently likewise godparent;true
166bcbf3-abf5-4297-876c-1f043d29ffd0;able wherever stoop;tensely er;true
d5af5a9f-9586-4174-97a3-7b05dd470776;sleepy kindly;until;false
b0e1ef32-b2b3-4b87-a85a-313eeab0e683;wisecrack throughout;nicely;true
b48aaaf3-de45-4d61-b6c8-9b3e11156240;immediately;glass;true
e3393b51-709c-4db4-98c1-4de5edee9b5e;meh kissingly lightly;stoop mmm;false
